Assesment Name,cleaned_text,Duration,Remote Testing Support,URL,Adaptive/IRT,Job Type
Account Manager Solution,Middle Account Manager solution assessment job candidate apply mid level leadership position tend manage day day operation activity client account sample task job include limit communicate client project status develop maintain project plan coordinate internally appropriate project personnel ensure client expectation meet potential job title use solution Account Executive Account Manager Senior Account Manager multiple configuration solution available,49,yes,https://www.shl.com/solutions/products/product-catalog/view/account-manager-solution/,yes,Middle
Administrative Professional-Short Form,entry Administrative Professional solution entry mid level position involve routine clerical administrative function addition office management function customer service sample task job include limit arrange conference call draft correspondence scheduling meeting greet visitor coordinate office activity potential job title use solution Administrative Assistant Secretary Office Manager Administrative Aide Administrative Associate,36,yes,https://www.shl.com/solutions/products/product-catalog/view/administrative-professional-short-form/,yes,Entry
Agency Manager Solution,Manager Agency Manager solution mid level sale management position include line management sale responsibility sample task job include limit direct coordinate financial activity worker branch office department establishment branch bank brokerage firm risk insurance department credit department potential job title use solution Agency Manager Brokerage Manager multiple configuration solution available,51,yes,https://www.shl.com/solutions/products/product-catalog/view/agency-manager-solution/,yes,Manager
Apprentice + 8.0 Job Focused Assessment,entry Apprentice + Job Focused Assessment short targeted globally applicable assessment include short cognitive ability measure assessment design entry level position appropriate country industry use apprenticeship model intend multi nationally organisation business span region,30,yes,https://www.shl.com/solutions/products/product-catalog/view/apprentice-8-0-job-focused-assessment-4261/,no,Entry
Apprentice 8.0 Job Focused Assessment,entry Apprentice Job Focused Assessment short targeted globally applicable assessment assessment design entry level position appropriate country industry use apprenticeship model intend multi nationally organization business span region,20,yes,https://www.shl.com/solutions/products/product-catalog/view/apprentice-8-0-job-focused-assessment/,no,Entry
Bank Administrative Assistant - Short Form,entry Administrative Assistant solution entry level clerical position interact external internal customer sample task job include limit answer telephone manage file record sort mail greet customer collaborate co worker project potential job title use solution Receptionist Administrative Assistant multiple configuration solution available,35,yes,https://www.shl.com/solutions/products/product-catalog/view/bank-administrative-assistant-short-form/,no,Entry
Bank Collections Agent - Short Form,entry solution entry level collection position inbound outbound center environment financial setting candidate answer multiple choice question measure achievement orientation dependability collector numerical skill revenue recovery customer focus persistence planfulness multiple configuration version solution available,45,yes,https://www.shl.com/solutions/products/product-catalog/view/bank-collections-agent-short-form/,no,Entry
Bank Operations Supervisor - Short Form,Manager Bank Operations Supervisor solution job candidate apply entry level leadership position tend supervise hourly employee sample task job include limit planning prepare work schedule assign employee specific duty coach employee attendance conduct schedule adherence work task develop employee skill train subordinate prioritize multiple task priority make day day decision minimal guidance potential job title use solution Team Leader Line Supervisor Processing Supervisor Center Supervisor Customer Service Supervisor multiple configuration version solution available,45,yes,https://www.shl.com/solutions/products/product-catalog/view/bank-operations-supervisor-short-form/,yes,Manager
Bilingual Spanish Reservation Agent Solution,entry Bilingual Reservation Agent solution design customer center entry level position hospitality industry sample task include make update cancel hotel reservation English spanish listen customer speak spanish enter information computer English provide information hotel service offer potential job title use solution Bilingual Reservation Agent Customer Service Representative Reservationist multiple configuration solution available,43,yes,https://www.shl.com/solutions/products/product-catalog/view/bilingual-spanish-reservation-agent-solution/,yes,Entry
"Bookkeeping, Accounting, Auditing Clerk Short Form",entry Bookkeeping Accounting Auditing Clerk solution entry level position involve enter numerical datum computer system maintain financial record sample task job include limit enter financial datum computer check financial record accuracy perform routine computation financial datum potential job title use solution Accounting Clerk Bookkeeper Accounting Associate Auditing Clerk Accounts Receivable Clerk,49,yes,https://www.shl.com/solutions/products/product-catalog/view/bookkeeping-accounting-auditing-clerk-short-form/,yes,Entry
Branch Manager - Short Form,Manager solution mid upper level financial institution managerial position candidate answer series multiple choice question measure management potential management judgment leadership potential team management branch manager problem solving business leadership leadership motivation interpersonal leadership self leadership branch manager judgment multiple configuration version solution available,50,yes,https://www.shl.com/solutions/products/product-catalog/view/branch-manager-short-form/,no,Manager
Cashier Solution,entry Cashier solution entry level retail position employee receive payment form cash check credit card good purchase sample task job include limit handle payment offer customer service issue receipt refund potential job title use solution Cashier Sales Associate Clerk multiple configuration version solution available,28,yes,https://www.shl.com/solutions/products/product-catalog/view/cashier-solution/,yes,Entry
Claims/Operations Supervisor Solution,Manager Claims Operations Supervisor solution entry level management position involve supervise hourly employee sample task job include limit planning preapre work schedule assign employee specific dutite coach employee attendance conduct schedule adherence work task develop employee skill train subordinate prioritize multiple task priority make day day decision minimal guidance potential job title use solution Team Leader Coach Line Supervisor Claims Supervisor Operations Supervisor Customer Service Supervisor multiple configuration solution available,48,yes,https://www.shl.com/solutions/products/product-catalog/view/claimsoperations-supervisor-solution/,yes,Manager
Contact Center Customer Service + 8.0,entry Contact Center + Customer Service Job Focused Assessment design measure skill competency behavior need success contact center role main focus customer service JFA include mobile optimize contact center simulation behavioral assessment cognitive test assessment capture ability provide exceptional customer service entry level contact center role,41,yes,https://www.shl.com/solutions/products/product-catalog/view/contact-center-customer-service-8-0/,no,Entry
Contact Center Customer Service 8.0,entry Customer Service JFA design entry level position contact center environment main focus customer service,31,yes,https://www.shl.com/solutions/products/product-catalog/view/contact-center-customer-service-8-0-4269/,no,Entry
Contact Center Manager - Short Form,Manager Contact Center Manager solution mid upper level contact center managerial position sample task job include limit supervise coordinate activity subordinate interact day day subordinate train employee potential job title use solution Contact Center Team Leader Line Supervisor Contact Center Manager,50,yes,https://www.shl.com/solutions/products/product-catalog/view/contact-center-manager-short-form/,yes,Manager
Contact Center Sales & Service + 8.0,entry Contact Center + Sales Service Job Focused Assessment design measure skill competency behavior need success contact center role involve sale relate behavior recommend product service retain customer JFA include mobile optimize contact center simulation behavioral assessment cognitive test assessment capture ability provide exceptional customer service drive sale entry level contact center role,41,yes,https://www.shl.com/solutions/products/product-catalog/view/contact-center-sales-and-service-8-0/,no,Entry
Contact Center Sales & Service 8.0,entry Sales Service JFA design contact center role involve sale sale relate behavior recommend product service retain customer,31,yes,https://www.shl.com/solutions/products/product-catalog/view/contact-center-sales-and-service-8-0-4268/,no,Entry
Contact Center Team Lead/Coach - Short Form,Line Manager Professional Individual Contributor Supervisor Contact Center Team Lead Coach solution job candidate apply entry level leadership position tend supervise hourly employee sample task job include limit planning prepare work schedule assign employee specific duty coach employee attendance conduct schedule adherence work task develop employee skill training subordinate tenured peer prioritize multiple task priority make day day decision minimal guidance potential job title use solution Team Leader Coach Line Supervisor Processing Supervisor Center Supervisor Customer Service Supervisor,45,yes,https://www.shl.com/solutions/products/product-catalog/view/contact-center-team-leadcoach-short-form/,yes,"Front Line Manager, Professional Individual Contributor, Supervisor,"
Contact Centre Agent Solution - UK,entry solution job candidate apply entry level position contact centre environment main focus job customer service candidate answer multiple choice question question customer simulation environment solution measure work information customer focus contact centre retention navigation service orientation tactful problem solve addition solution measure datum entry speed accuracy multi tasking preference achievement orientation conscientiousness,39,yes,https://www.shl.com/solutions/products/product-catalog/view/contact-centre-agent-solution-uk/,no,Entry
Customer Service - Short Form,entry Customer Service Representative Solution entry level position involve high degree interaction customer person phone sample task job include limit take order solve product service issue respond positively difficult customer refer unresolved issue appropriate individual provide information product and/or service potential job title use solution Account Service Representative Account Representative Customer Service Representative Customer Service Agent,42,yes,https://www.shl.com/solutions/products/product-catalog/view/customer-service-short-form/,yes,Entry
Customer Service - Short Form - UK,entry Customer Service Representative solution entry level position involve high degree interaction customer person phone sample task job include limit take order solve product service issue respond positively difficult customer refer unresolved issue appropriate individual provide information product and/or service potential job title use solution Account Service Representative Account Representative Customer Service Representative Customer Service Agent,42,yes,https://www.shl.com/solutions/products/product-catalog/view/customer-service-short-form-uk/,yes,Entry
Customer Service with Sales - Short Form,entry Customer Service sale solution entry level position involve provide service support customer sell good service sample task job include limit take order solve product service issue sell product service respond positively difficult customer add new good service exist account provide information product and/or service potential job title use solution Account Service Representative Account Representative Customer Service Representative Sales Representative,44,yes,https://www.shl.com/solutions/products/product-catalog/view/customer-service-with-sales-short-form/,yes,Entry
Director - Short Form,Director Director solution intend use senior level position responsible planning direct coordinate key business activity operation company duty responsibility include formulate policy manage daily operation plan use material human resource potential job title use solution Director Regional Director Director Operations,69,yes,https://www.shl.com/solutions/products/product-catalog/view/director-short-form/,yes,Director
District/Regional Manager Solution,Manager District Regional Manager solution mid- senior level managerial position oversee multiple store define area sample task job include limit direct group supervisor manager have profit loss responsibility district region align work overall company goal potential job title use solution Regional Director District Manager General Manager Regional Manager Store Manager Area Manager multiple configuration version solution available,65,yes,https://www.shl.com/solutions/products/product-catalog/view/districtregional-manager-solution/,yes,Manager
Entry Level Cashier 7.1 (Americas),entry Entry level Cashier solution entry level retail position employee receive payment form cash check credit card good purchase sample task job include limit handle payment offer customer service issue receipt refund potential job title use solution Cashier Sales Associate Clerk,18,yes,https://www.shl.com/solutions/products/product-catalog/view/entry-level-cashier-7-1-%28americas%29/,no,Entry
Entry Level Cashier 7.1 (International),entry Entry level Cashier solution entry level retail position employee receive payment form cash check credit card good purchase sample task job include limit handle payment offer customer service issue receipt refund potential job title use solution Cashier Sales Associate Clerk,18,yes,https://www.shl.com/solutions/products/product-catalog/view/entry-level-cashier-7-1-%28international%29/,no,Entry
Entry Level Customer Service 7.1 (Americas),entry Entry Level Customer Service Solution Retail Contact Center entry level position employee interact customer provide information carry customer request relate organization product service sample task job include limit interact customer phone person take order solve product service issue respond positively difficult irate customer,19,yes,https://www.shl.com/solutions/products/product-catalog/view/entry-level-customer-service-7-1-%28americas%29/,no,Entry
Entry Level Customer Service 7.1 (International),entry Entry Level Customer Service Solution Retail Contact Center entry level position employee interact customer provide information carry customer request relate organization product service sample task job include limit interact customer phone person take order solve product service issue respond positively difficult irate customer,19,yes,https://www.shl.com/solutions/products/product-catalog/view/entry-level-customer-service-%28retail-and-cc%29-7-1/,no,Entry
Entry Level Customer Service 7.1 (South Africa),entry Entry Level Customer Service Solution Retail Contact Center entry level position employee interact customer provide information carry customer request relate organization product service sample task job include limit interact customer phone person take order solve product service issue respond positively difficult irate customer,19,yes,https://www.shl.com/solutions/products/product-catalog/view/entry-level-customer-service-7-1-%28south-africa%29/,no,Entry
Entry level Sales 7.1 (Americas),entry Entry level sale solution entry level position employee proactively sell product service customer compensation and/or performance base sale revenue sample task job include limit promote product customer persuade customer buy product complete transaction customer,20,yes,https://www.shl.com/solutions/products/product-catalog/view/entry-level-sales-7-1-%28americas%29/,no,Entry
Entry level Sales 7.1 (International),entry Entry level sale solution entry level position employee proactively sell product service customer compensation and/or performance base sale revenue sample task job include limit promote product customer persuade customer buy product complete transaction customer,20,yes,https://www.shl.com/solutions/products/product-catalog/view/entry-level-sales-7-1/,no,Entry
Entry Level Sales Sift Out 7.1,entry Entry level sale Sift solution entry level position employee proactively sell product service customer compensation and/or performance base sale revenue sample task job include limit promote product customer persuade customer buy product complete transaction customer,20,yes,https://www.shl.com/solutions/products/product-catalog/view/entry-level-sales-sift-out-7-1/,no,Entry
Event Sales Manager Solution,Manager Event Sales Manager solution design management level position hospitality industry sample task include sell use facility space special event manage staff solution focus sale solve problem make good decision potential job title use solution Event Sales Manager Events Manager Special Events Manager multiple configuration solution available,50,yes,https://www.shl.com/solutions/products/product-catalog/view/event-sales-manager-solution/,yes,Manager
Executive - Short Form,Executive Executive solution intend use senior executive level position responsible planning direct coordinate key business activity operation high level organization executive level accomplish work subordinate executive provide overall direction organization determine formulating policy guideline set board director similar govern body potential job title use solution Executive Vice President President Executive Director,74,yes,https://www.shl.com/solutions/products/product-catalog/view/executive-short-form/,yes,Executive
Financial Professional - Short Form,middle solution mid level financial institution position require Series certification candidate answer multiple choice question measure financial professional aptitude learn potential achievement orientation conscientiousness persistence planfulness self leadership interpersonal leadership sale focus customer focus,35,yes,https://www.shl.com/solutions/products/product-catalog/view/financial-professional-short-form/,no,Middle
Financial Services Representative Solution,Mid Professional Professional Individual Contributor Financial Services Representative solution senior level professional position insurance industry sell life insurance business individual behalf insurance company sample task position include limit call policyholder deliver explain policy suggest addition change calculate premium customize insurance program suite individual customer seek new client develop clientele networking ensure policy requirement fulfil confer client obtain provide information calim policy potential job title use solution Life Insurance Sales Professional Insurance Sales Agent multiple configuration solution available,44,yes,https://www.shl.com/solutions/products/product-catalog/view/financial-services-representative-solution/,no,"Mid-Professional,Professional Individual Contributor"
Front Desk Associate Solution,entry Desk Associate solution design entry level customer service position hospitality industry solution appropriate position majority work guest check desk sample task include welcome guest warmly issue key guest tabulate guest bill accpete payment potential job title use solution Desk Clerk Guest Desk Attendant Guest check Associate Office Agent multiple configuration solution available,50,yes,https://www.shl.com/solutions/products/product-catalog/view/front-desk-associate-solution/,yes,Entry
Gaming Associate Solution,entry Gaming Associate solution design entry mid level position operate gaming table solution highly customer service focus position potentially deal large sum money sample task include deal playing card count confirm patron bet collect patron loss distribute patron winning exchange currency play chip potential job title use solution Table Games Dealer Black Jack Dealer Dealer Casino Dealer Dual Rate Dealer Card Dealer Gaming Dealer multiple configuration solution available,50,yes,https://www.shl.com/solutions/products/product-catalog/view/gaming-associate-solution/,yes,Entry
Gaming Manager Solution,Manager Gaming Manager solution design management level position hospitality industry sample task include manage operation supervisor associate gaming environment solution focus security integrity managing sale potential job title use solution Gaming Floor Manager Gaming Manager multiple configuration solution available,55,yes,https://www.shl.com/solutions/products/product-catalog/view/gaming-manager-solution/,yes,Manager
General Entry Level - All Industries 7.0 Solution,entry General Entry Level Industries solution design entry level position industry solution predict follow type behavior foundational job time work follow rule policy treat respectfully produce quality work meet goal effectively work alongside solution industry entry level position example title include limit Administrator Clerk Veterinary Assistant Stocker Dish Washer Office Coordinator Tour Guide Cook Assistant Housekeeper Waste Collector,19,yes,https://www.shl.com/solutions/products/product-catalog/view/general-entry-level-all-industries-7-0-solution/,no,Entry
General Entry Level - All Industries 7.1 Solution,entry General Entry Level Industries solution design entry level position industry solution predict follow type behavior foundational job time work follow rule policy treat respectfully produce quality work meet goal effectively work alongside solution industry entry level position example title include limit Administrator Clerk Veterinary Assistant Stocker Dish Washer Office Coordinator Tour Guide Cook Assistant Housekeeper Waste Collector,19,yes,https://www.shl.com/solutions/products/product-catalog/view/general-entry-level-all-industries-7-1-solution/,no,Entry
General Entry Level - All Industries 7.1(Americas),entry General Entry Level Industries solution design entry level position industry solution predict follow type behavior foundational job time work follow rule policy treat respectfully produce quality work meet goal effectively work alongside solution industry entry level position example title include limit Administrator Clerk Veterinary Assistant Stocker Dish Washer Office Coordinator Tour Guide Cook Assistant Housekeeper Waste Collector,19,yes,https://www.shl.com/solutions/products/product-catalog/view/general-entry-level-all-industries-7-1%28americas%29/,no,Entry
General Entry Level – Data Entry 7.0 Solution,entry General Entry Level Data Entry solution design entry level position include enter datum computer datum management system solution measure speed accuracy type text number form predict follow type behavior foundational job time work follow rule policy treat respectfully produce quality work meet goal approach work thorough precise manner solution industry entry level position example title include limit Accounting Clerk Accounts Receivable Clerk Administrative Clerk Clerical Aide Clerical Assistant Office Assistant Office Services Specialist Staff Assistant,24,yes,https://www.shl.com/solutions/products/product-catalog/view/general-entry-level-data-entry-7-0-solution/,no,Entry
Graduate + 8.0 Job Focused Assessment,Graduate Graduate + Job Focused Assessment short targeted globally applicable assessment include short cognitive ability measure help identify graduate high potential contribute succeed provide actionable feedback help onboard new hire,30,yes,https://www.shl.com/solutions/products/product-catalog/view/graduate-8-0-job-focused-assessment/,no,Graduate
Graduate 7.1 Job Focused Assessment,Graduate Graduate Job Focused Assessment design professional level position appropriate recent college graduate,19,yes,https://www.shl.com/solutions/products/product-catalog/view/graduate-7-1-job-focused-assessment/,no,Graduate
Guest Service Team 7.0 Solution,entry Guest Service Team solution design team orient entry level position involve high degree interaction customer solution cover wide variety position assess competency critical interact customer include persist meet guest need behave responsibly appropriately effectively work alongside prepare and/or deliver customer order follow rule policy communicate effectively potential job title use solution include Server Hostess Guest Services Team Member Customer Service Champion,18,yes,https://www.shl.com/solutions/products/product-catalog/view/guest-service-team-7-0-solution/,no,Entry
Graduate 8.0 Job Focused Assessment,Graduate Graduate Job Focused Assessment short targeted globally applicable assessment help identify graduate high potential contribute succeed provide actionable feedback help onboard new hire,20,yes,https://www.shl.com/solutions/products/product-catalog/view/graduate-8-0-job-focused-assessment-4228/,no,Graduate
Guest Services Associate Solution,entry Guest Services Associate solution design entry mid level customer service position hospitality industry solution highly customer service focus position sale component sample task include provide information entertainment dining transportation guest make dining recommentation guest arrange transportation guest make reservation potential job title use solution concierge Guest Services Agent Club Concierge Hotel Concierge Office Manager Guest Services Associate multiple configuration solution available,48,yes,https://www.shl.com/solutions/products/product-catalog/view/guest-services-associate-solution/,yes,Entry
Healthcare Aide 7.0 Solution,entry Healthcare Aide solution design individually orient entry level position directly support person health solution cover wide variety position assess behavior critical patient support role include understanding follow detailed instruction administer personal care respectful tolerant patient prepare maintain record patient progress service perform work hard meet exceed patient need potential job title use solution include Personal Care Aide Healthcare Aide Home Health Aide Dental Assistant,22,yes,https://www.shl.com/solutions/products/product-catalog/view/healthcare-aide-7-0-solution/,no,Entry
Healthcare Call Center Agent Solution,entry Healthcare Center Agent solution entry level position inbound healthcare center environment sample task job include limit take receive information patient phone work computer screen enter information computer potential job title use solution Center Representative Receptionist Switchboard Operator multiple configuration solution available,44,yes,https://www.shl.com/solutions/products/product-catalog/view/healthcare-call-center-agent-solution/,yes,Entry
Healthcare Service Associate Solution,entry Healthcare Service Associate solution entry level position healthcare environment require employee interact patient sample task job include limit deliver food patient clean patient room welcome guest hospital potential job title use solution Housekeepers Dietary Aides Guest Services Coordinator multiple configuration version solution available,37,yes,https://www.shl.com/solutions/products/product-catalog/view/healthcare-service-associate-solution/,yes,Entry
Healthcare Support Specialist Solution,entry Healthcare Support Specialist solution entry level position healthcare environment require employee interact patient sample task job include limit prepare food patient wash hospital linen clean healthcare facility potential job title use solution janitor Food Preparation Workers Laundry Associates multiple configuration solution available,30,yes,https://www.shl.com/solutions/products/product-catalog/view/healthcare-support-specialist-solution/,yes,Entry
Home Health Aide Solution,entry Home Health Aide solution entry level position home group home environment sample task job include limit monitor vital sign medication intake administer bedside personal care ambulation personal hygiene prepare maintain record patient progress service perform potential job title use solution Personal Care Aide Home Health Aide Residential Assistant Certified Nursing Assistant multiple configuration version solution available,41,yes,https://www.shl.com/solutions/products/product-catalog/view/home-health-aide-solution/,yes,Entry
Hospitality Manager Solution,Manager Hospitality Manager solution design management level position hospitality industry sample task include overall property management manage staff manage guest experience solution focus manage business operation manage staff solve problem make good decision maintain focus customer potential job title use solution Property Manager Property Director Hotel Manager Hospitality Manager multiple configuration solution available,57,yes,https://www.shl.com/solutions/products/product-catalog/view/hospitality-manager-solution/,yes,Manager
Host Solution,entry host solution design entry level position hospitality industry sample task include greeting guest manage wait list show guest table solution focus work ethic customer focus potential job title use solution Host Hostess Greeter multiple configuration version solution available,30,yes,https://www.shl.com/solutions/products/product-catalog/view/host-solution/,yes,Entry
Industrial - Entry Level 7.0 Solution,entry Industrial Entry level solution design entry level position measure behavior experience underlie successful safe performance general light industrial role solution cover wide variety entry level position assess behavior include follow policy procedure general facility upkeep produce high quality work maintain orderly work environment wear require protective equipment thorough potential job title use solution include Laborer Custodians Building Grounds Maintenance Workers Handyman,20,yes,https://www.shl.com/solutions/products/product-catalog/view/industrial-entry-level-7-0-solution/,no,Entry
Industrial - Entry Level 7.1 (Americas),entry Industrial Entry level solution design entry level position measure behavior experience underlie successful safe performance general light industrial role solution cover wide variety entry level position assess behavior include follow policy procedure general facility upkeep produce high quality work maintain orderly work environment wear require protective equipment thorough potential job title use solution include Laborer Custodians Building Grounds Maintenance Workers Handyman,20,yes,https://www.shl.com/solutions/products/product-catalog/view/industrial-entry-level-7-1-%28americas%29/,no,Entry
Industrial - Entry Level 7.1 (International),entry Industrial Entry level solution design entry level position measure behavior experience underlie successful safe performance general light industrial role solution cover wide variety entry level position assess behavior include follow policy procedure general facility upkeep produce high quality work maintain orderly work environment wear require protective equipment thorough potential job title use solution include Laborer Custodians Building Grounds Maintenance Workers Handyman,20,yes,https://www.shl.com/solutions/products/product-catalog/view/industrial-entry-level-7-1-%28international%29/,no,Entry
Industrial - Professional and Skilled 7.0 Solution,entry industrial Professional skilled solution design measure behavior experience underlie successful safe performance workplace specialized technical professional industrial role solution assess mechanical comprehension foundational behavior include behave safely efficiently workplace instal repair and/or maintain equipment machinery make sound mechanical decision maintain orderly work environment produce high quality reliable work,49,yes,https://www.shl.com/solutions/products/product-catalog/view/industrial-professional-and-skilled-7-0-solution/,yes,Entry
Industrial - Semi-skilled 7.1 (Americas),entry Industrial semi skilled solution design entry level position measure behavior experience underlie successful safe performance production worker solution assess behavior competency foundational industrial role include follow policy procedure apply relevant trade skill wear require protective equipment work monitor equipment produce high quality work effectively work maintain orderly work environment potential job title use solution include Production Assembly Worker Construction Worker Extraction Technician,24,yes,https://www.shl.com/solutions/products/product-catalog/view/industrial-semi-skilled-7-1-%28americas%29/,no,Entry
Industrial - Semi-skilled 7.1 (International),entry Industrial semi skilled solution design entry level position measure behavior experience underlie successful safe performance production worker solution assess behavior competency foundational industrial role include follow policy procedure apply relevant trade skill wear require protective equipment work monitor equipment produce high quality work effectively work maintain orderly work environment potential job title use solution include Production Assembly Worker Construction Worker Extraction Technician,24,yes,https://www.shl.com/solutions/products/product-catalog/view/industrial-semi-skilled-7-1-%28international%29/,no,Entry
Industrial Professional and Skilled 7.1 (Americas),entry industrial Professional skilled solution design measure behavior experience underlie successful safe performance workplace specialized technical professional industrial role solution assess mechanical comprehension foundational behavior include behave safely efficiently workplace instal repair and/or maintain equipment machinery make sound mechanical decision maintain orderly work environment produce high quality reliable work,49,yes,https://www.shl.com/solutions/products/product-catalog/view/industrial-professional-and-skilled-7-1-%28americas%29/,no,Entry
Industrial Professional and Skilled 7.1 Solution,entry industrial Professional skilled solution design measure behavior experience underlie successful safe performance workplace specialized technical professional industrial role solution assess mechanical comprehension foundational behavior include behave safely efficiently workplace instal repair and/or maintain equipment machinery make sound mechanical decision maintain orderly work environment produce high quality reliable work,49,yes,https://www.shl.com/solutions/products/product-catalog/view/industrial-professional-and-skilled-7-1-solution/,no,Entry
Installation and Repair Technician Solution,Mid Professional Professional Individual Contributor Installation Repair technician solution design use entry level field technician position telecommunications industry solution focus position involve instal repair maintain telecommunications equipment customer interaction little specific sale component sample task include instal repair end user telecommunications equipment service interact customer instal repair telecommunication network infrastructure potential job title use solution Installer Service Technician Customer Installation Technician multiple configuration solution available,49,yes,https://www.shl.com/solutions/products/product-catalog/view/installation-and-repair-technician-solution/,yes,"Mid-Professional,Professional Individual Contributor"
Insurance Account Manager Solution,Middle Insurance Account Manager solution mid level insurance professional manage day day operation activity customer account sample task job include limit solicit sale new additional product service interact customer provide information response inquiry product service handle resolve complaint keep record customer interaction transaction resolve customer service billing complaint determine charge service request collect deposit payment arrange billing potential job title use solution Account Executive Account Manager Senior Account Manager multiple configuration solution available,48,yes,https://www.shl.com/solutions/products/product-catalog/view/insurance-account-manager-solution/,yes,Middle
Insurance Administrative Assistant Solution,entry Administrative Assistant solution entry level clerical position interact external internal customer sample task job include limit answer telephone manage file record sort mail handle information request greet customer collaborate co worker project potential job title use solution Receptionist Administrative Assistant multiple configuration solution available,24,yes,https://www.shl.com/solutions/products/product-catalog/view/insurance-administrative-assistant-solution/,yes,Entry
Insurance Agent Solution,Middle Insurance Agent solution mid level professional position insurance industry sell property casualty automotive type insurance sample task position include limit call policyholder deliver explain policy suggest addition change calculate premium customize insurance program suit individual customer ensure policy requirement fulfil confer client obtain provide information claim policy potential job title use solution Insurance Sales Professional Insurance Sales Agent Producer Insurance Agent multiple configuration solution available,46,yes,https://www.shl.com/solutions/products/product-catalog/view/insurance-agent-solution/,yes,Middle
Insurance Director Solution,Manager Insurance Director solution senior level management position insurance company oversee sale function multiple brokerage office agency geographic territory sample task job include limit direct group sale manager agency manager have profit loss responsibility district region align work overall company goal potential job title use solution Regional Managers Associate Directors Managing Directors multiple configuration solution available,49,yes,https://www.shl.com/solutions/products/product-catalog/view/insurance-director-solution/,yes,Manager
Insurance Sales Manager Solution,Manager Sales Manager solution entry- mid level management position involve supervise employee work insurance organization substantial portion job performance base sale sample task job include limit planning prepare work schedule promote product customer train subordinate analyze sale statistic gather staff determine sale potential monitor preference customer build ongoing customer relationship make day day decision minimal guidance potential job title use solution Insurance Sales Manager Sales Manager Assistant Sales Manager Sales Supervisor multiple configuration solution available,51,yes,https://www.shl.com/solutions/products/product-catalog/view/insurance-sales-manager-solution/,yes,Manager
Manager - Short Form,Manager Manager solution assessment job candidate apply entry level leadership position tend supervise salaried employee sample task job include limit planning project subordinate collaborate senior manager develop new method procedure coach employee performance relate issue develop employee skill coordinate activity manager accomplish organizational goal set meeting department goal prioritize multiple task priority make select strategic day day decision solve employee customer problem potential job title use solution Manager Store Manager Branch Manager,57,yes,https://www.shl.com/solutions/products/product-catalog/view/manager-short-form/,yes,Manager
Manager + 7.0 Solution,Manager Manager + solution design candidate apply entry level leadership position tend supervise salaried employee include SHL new innovative mobile ability assessment Verify Interactive deductive Reasoning sample task job include limit planning project subordinate collaborate senior manager develop new method procedure coach employee performance relate issue develop employee skill coordinate activity manager accomplish organizational goal set meeting department goal prioritize multiple task priority make select strategic day day decision solve employee customer problem,53,yes,https://www.shl.com/solutions/products/product-catalog/view/manager-7-0-solution-3955/,yes,Manager
Manager + 7.1 (Americas),Manager Manager + solution design candidate apply entry level leadership position tend supervise salaried employee include SHL new innovative mobile ability assessment Verify Interactive deductive Reasoning sample task job include limit planning project subordinate collaborate senior manager develop new method procedure coach employee performance relate issue develop employee skill coordinate activity manager accomplish organizational goal set meeting department goal prioritize multiple task priority make select strategic day day decision solve employee customer problem,63,yes,https://www.shl.com/solutions/products/product-catalog/view/manager-7-1-solution-4242/,yes,Manager
Manager + 7.1 (International),Manager Manager + solution design candidate apply entry level leadership position tend supervise salaried employee include SHL new innovative mobile ability assessment Verify Interactive deductive Reasoning sample task job include limit planning project subordinate collaborate senior manager develop new method procedure coach employee performance relate issue develop employee skill coordinate activity manager accomplish organizational goal set meeting department goal prioritize multiple task priority make select strategic day day decision solve employee customer problem,63,yes,https://www.shl.com/solutions/products/product-catalog/view/manager-7-1-%28international%29/,yes,Manager
Manager 7.0 Solution,Manager Manager solution design candidate apply entry level leadership position tend supervise salaried employee sample task job include limit planning project subordinate collaborate senior manager develop new method procedure coach employee performance relate issue develop employee skill coordinate activity manager accomplish organizational goal set meeting department goal prioritize multiple task priority make select strategic day day decision solve employee customer problem,35,yes,https://www.shl.com/solutions/products/product-catalog/view/manager-7-0-solution/,no,Manager
Manager + 7.1 (Americas),Executive Director Line Manager Manager Manager + solution design candidate apply entry level leadership position tend supervise salaried employee include SHL new innovative mobile ability assessment Verify Interactive deductive Reasoning sample task job include limit planning project subordinate collaborate senior manager develop new method procedure coach employee performance relate issue develop employee skill coordinate activity manager accomplish organizational goal set meeting department goal prioritize multiple task priority make select strategic day day decision solve employee customer problem,63,yes,https://www.shl.com/solutions/products/product-catalog/view/manager-7-1-solution-4242/,yes,"Executive, Director, Front Line Manager, Manager"
Manager 7.0 Solution,Manager Manager solution design candidate apply entry level leadership position tend supervise salaried employee sample task job include limit planning project subordinate collaborate senior manager develop new method procedure coach employee performance relate issue develop employee skill coordinate activity manager accomplish organizational goal set meeting department goal prioritize multiple task priority make select strategic day day decision solve employee customer problem,35,yes,https://www.shl.com/solutions/products/product-catalog/view/manager-7-0-solution/,no,Manager
Manager 7.1 (Americas),Executive Director Line Manager Manager Manager solution design candidate apply entry level leadership position tend supervise salaried employee sample task job include limit planning project subordinate collaborate senior manager develop new method procedure coach employee performance relate issue develop employee skill coordinate activity manager accomplish organizational goal set meeting department goal prioritize multiple task priority make select strategic day day decision solve employee customer problem,40,yes ,https://www.shl.com/solutions/products/product-catalog/view/manager-7-1-%28americas%29/,no,"Executive, Director, Front Line Manager, Manager"
Manager 7.1 (International),Executive Director Line Manager Manager Manager solution design candidate apply entry level leadership position tend supervise salaried employee sample task job include limit planning project subordinate collaborate senior manager develop new method procedure coach employee performance relate issue develop employee skill coordinate activity manager accomplish organizational goal set meeting department goal prioritize multiple task priority make select strategic day day decision solve employee customer problem,40,yes,https://www.shl.com/solutions/products/product-catalog/view/manager-7-1-solution/,no,"Executive, Director, Front Line Manager, Manager"
Manager 8.0 JFA,Manager Manager Job Focused Assessment design candidate apply leadership position measure behavior underlie successful performance line manager role wide range industry relevant position supervise salaried employee JFA include Reskilling Potential Scale Management Potential Scale •the reskille potential scale measure tendency learn experience way support professional success •the Management potential scale measure potential managerial success industry type functional area,26,yes,https://www.shl.com/solutions/products/product-catalog/view/manager-8-0-jfa/,no,Manager
Manager 8.0+ JFA,Manager Manager + Job Focused Assessment design candidate apply leadership position include SHL new innovative mobile ability assessment Verify Interactive inductive Reasoning measure behavior underlie successful performance line manager role wide range industry relevant position supervise salaried employee JFA include Reskilling Potential Scale Management Potential Scale •the reskille potential scale measure tendency learn experience way support professional success •the Management potential scale measure potential managerial success industry type functional area,40,yes,https://www.shl.com/solutions/products/product-catalog/view/manager-8-0-jfa-4310/,no,Manager
Manufacturing Production Team Member,entry Manufacturing Production Team Member solution design entry level position measure behavior experience underlie successful safe performance workplace production worker solution measure candidate error check ability general tendency behave safely efficiently workplace solution use variety assessment type include measure personality trait safety relate situational judgment error checking Manufacturing Production Team Member solution design selection job title Production Worker Material Handler Driver Forklift Operator Crewman Mechanic Receiver,35,yes,https://www.shl.com/solutions/products/product-catalog/view/manufacturing-production-team-member/,no,Entry
Manufacturing Skilled Maintenance Worker,entry Manufacturing Skilled Maintenance solution design entry level position measure behavior experience underlie successful safe performance workplace solution measure candidate mechanical comprehension ability general tendency behave safely efficiently workplace solution use variety assessment type include measure personality trait safety relate situational judgment mechanical comprehension Manufacturing Skilled Maintenance solution design selection job title Industrial Machinery Mechanic Automotive Service Technician Small Engine Mechanic Mobile Equipment Service Technician Diesel Service Technician,45,yes,https://www.shl.com/solutions/products/product-catalog/view/manufacturing-skilled-maintenance-worker/,no,Entry
Network Engineer/Analyst Solution,Mid Professional Professional Individual Contributor Network Engineer Analyst solution design use professional level telecommunications engineer network analyst solution focus position involve design monitoring complex telecommunications network place emphasis reasoning ability attention detail multitaske sample task include design network network element ensure proper network operation performance monitoring troubleshoot electronic datum communication network potential job title use solution Network Engineer Network Analyst Communications Engineer multiple configuration solution available,41,yes,https://www.shl.com/solutions/products/product-catalog/view/network-engineeranalyst-solution/,yes,"Mid-Professional, Professional Individual Contributor"
Nurse Leader Solution,Executive Director Line Manager Manager Nurse Leader solution assessment job candidate apply entry level nurse leadership position tend supervise hourly employee sample task job include limit planning prepare work schedule assign nurse specific duty coach nurse attendance conduct schedule adherence work relate task develop nurse skill train subordinate prioritize multiple task priority make day day decision minimal guidance healthcare setting potential job title use solution Nurse Leader Nurse Manager multiple configuration version solution available,59,yes,https://www.shl.com/solutions/products/product-catalog/view/nurse-leader-solution/,yes,"Executive, Director, Front Line Manager, Manager"
Nurse Solution,Mid Professional Professional Individual Contributor Nurse solution professional level healthcare nursing position require licensing registration sample task job include limit assess health condition patient document patient medical information create nursing care plan educate patient healthcare issue potential job title use solution Registered Nurse Charge Nurse Licensed Practical Nurse Clinic Nurse multiple configuration solution available,66,yes,https://www.shl.com/solutions/products/product-catalog/view/nurse-solution/,yes,"Mid-Professional, Professional Individual Contributor"
Nursing Assistant Solution,entry Nursing Assistant solution entry level position clinic hospital environment sample task job include limit turn position bedridden patient feed patient feed observe patient condition include measure record food intake potential job title use solution certify Nursing Assistant Nursing Aide Patient Care Technician Hospital Attendant multiple configuration solution available,41,yes,https://www.shl.com/solutions/products/product-catalog/view/nursing-assistant-solution/,no,Entry
Personal Banker - Short Form,entry Personal Banker Loan Officer solution entry mid level financial institution position sample task job include limit acquire retain expand new exist customer relationship discover customer need make good recommendation complete sale proactively contact meet customer ask referral,30,yes,https://www.shl.com/solutions/products/product-catalog/view/personal-banker-short-form/,no,Entry
Phone Banker - Short Form,entry solution entry mid level financial institution position candidate ask answer multiple choice question assess learn potential dependability persistence planfulness sale focus customer focus work information,40,yes,https://www.shl.com/solutions/products/product-catalog/view/phone-banker-short-form/,no,Entry
Prep/Line Cook Solution,entry Prep Line Cook solution entry level food preparation position hospitality industry sample task include prepare ingredient final food item consumption solution focus work ethic perform quality work direct customer contact sale requirement potential job title use solution Cook Line Cook Food Preparer Prep Cook Chef multiple configuration solution available,24,yes,https://www.shl.com/solutions/products/product-catalog/view/prepline-cook-solution/,yes,Entry
Professional + 7.0 Solution,Mid Professional Professional Individual Contributor Professional + solution design non managerial professional individual contributor position include SHL new innovative mobile ability assessment Verify Interactive deductive Reasoning sample task job include limit gather requirement analyze datum manage project produce product service,51,yes,https://www.shl.com/solutions/products/product-catalog/view/professional-7-0-solution-3958/,yes,"Mid-Professional, Professional Individual Contributor"
Professional + 7.1 (Americas),  Mid Professional Professional Individual Contributor Professional + solution design non managerial professional individual contributor position include SHL new innovative mobile ability assessment Verify Interactive deductive Reasoning sample task job include limit gather requirement analyze datum manage project produce product service,56,yes,https://www.shl.com/solutions/products/product-catalog/view/professional-7-1-%28americas%29/,yes," Mid-Professional, Professional Individual Contributor"
Professional + 7.1 (International),Mid Professional Professional Individual Contributor Professional + solution design non managerial professional individual contributor position include SHL new innovative mobile ability assessment Verify Interactive deductive Reasoning sample task job include limit gather requirement analyze datum manage project produce product service,56,yes,https://www.shl.com/solutions/products/product-catalog/view/professional-7-1-solution/,yes,"Mid-Professional, Professional Individual Contributor"
Professional 7.0 Solution,Mid Professional Professional Individual Contributor Professional solution design non managerial professional individual contributor position sample task job include limit gather requirement analyze datum manage project produce product service,33,yes,https://www.shl.com/solutions/products/product-catalog/view/professional-7-0-solution/,no,"Mid-Professional, Professional Individual Contributor"
Professional 7.1 (International),Mid Professional Professional Individual Contributor Professional solution design non managerial professional individual contributor position sample task job include limit gather requirement analyze datum manage project produce product service,33,yes,https://www.shl.com/solutions/products/product-catalog/view/professional-7-1-solution-4247/,no,"Mid-Professional, Professional Individual Contributor"
Professional 8.0 JFA,Mid Professional Professional Individual Contributor Professional Job Focused Assessment design non managerial professional individual contributor position measure behavior underlie successful performance professional individual contributor set wide range industry,16,yes,https://www.shl.com/solutions/products/product-catalog/view/professional-8-0-jfa/,no,"Mid-Professional, Professional Individual Contributor"
Professional/Individual Contributor - Short Form,Mid Professional Professional Individual Contributor Professional Individual Contributor solution mid upper level non managerial position sample task job include limit meet client determine need analyze data set work co worker complete project potential job title use solution Engineer Human Resource Consultant Analyst,44,yes,https://www.shl.com/solutions/products/product-catalog/view/professionalindividual-contributor-short-form/,yes,"Mid-Professional, Professional Individual Contributor"
Project Manager - Short Form,Mid Professional Professional Individual Contributor Project Manager solution design position lead medium large scale project multiple team member involve sample task job include limit guiding supervise influence project team member scope project resource requirement manage project timeline scope budget potential job title ue solution Project Manager Implementation Manager Construction Project Manager Project Manager,49,yes,https://www.shl.com/solutions/products/product-catalog/view/project-manager-short-form/,yes,"Mid-Professional, Professional Individual Contributor"
Proof Operator - Processing Specialist -Short Form,entry Proof Operator Processing Specialist solution entry level position perform basic daily bank operation procedure processing deposit reconcile account handle money transfer potential job title include Proof Operator Bank Operations Processor Operations Specialist,30,yes,https://www.shl.com/solutions/products/product-catalog/view/proof-operator-processing-specialist-short-form/,no,Entry
Reservation Agent Solution,entry Reservation Agent solution design entry level position hospitality industry sample task indlude making update cancel reservation look information enter information computer provide information hotel service offer potential title use solution Reservation Agent Customer Service Representative Reservationist multiple configuration solution available,43,yes,https://www.shl.com/solutions/products/product-catalog/view/reservation-agent-solution/,yes,Entry
Restaurant Manager Solution,Executive Director Line Manager Manager Restaurant Manager solution design management level position hospitality industry sample task include purchase food supply account set policy procedure manage staff solution focus manage staff solve problem make good decision maintain focus customer potential job title use solution Restaurant Manager General Manager multiple configuration solution available,48,yes,https://www.shl.com/solutions/products/product-catalog/view/restaurant-manager-solution/,yes,"Executive, Director, Front Line Manager, Manager"
Restaurant Supervisor Solution,Executive Director Line Manager Manager Restaurant Supervisor solution design management level position hospitality industry sample task include serve staff resource set schedule monitor daily operation solution focus solve problem make good decision maintain focus customer potential job title use solution Restaurant Supervisor Restaurant Staff Supervisor multiple configuration solution available,53,yes,https://www.shl.com/solutions/products/product-catalog/view/restaurant-supervisor-solution/,yes,"Executive, Director, Front Line Manager, Manager"
Retail Consultant Solution,entry Retail consultant solution entry mid level retail position employee proactively sell product customer develop relationship repeat customer pay and/or performance heavily base sale revenue sample task job include limit promote product customer persuade customer buy product build ongoing customer relationship potential job title use solution Sales Consultant Sales Representative Retail Sales Associate multiple configuration version solution available,45,yes,https://www.shl.com/solutions/products/product-catalog/view/retail-consultant-solution/,yes,Entry
Retail Manager w/ Sales Solution,Executive Director Line Manager Manager Retail Manager sale solution assessment job candidate apply entry level leadership position tend supervise hourly employee significant portion job performance base sale customer service sample task job include limit planning prepare work schedule assign employee specific duty promote product customer training subordinate build ongoing customer relationship make day day decision minimal guidance potential job title use solution Assistant Manager Sales Supervisor Retail Manager Floor Leader multiple configuration version solution available,43,yes,https://www.shl.com/solutions/products/product-catalog/view/retail-manager-w-sales-solution/,yes,"Executive, Director, Front Line Manager, Manager"
Retail Sales Associate Solution,entry Retail Sales Associate solution entry level retail position employee proactively sell product customer pay and/or performance base sale revenue sample task job include limit promote product customer persuade customer buy product complete transaction customer potential job title use solution Sales Representative Retail Sales Associate Sales Clerk multiple configuration version solution available,29,yes,https://www.shl.com/solutions/products/product-catalog/view/retail-sales-associate-solution/,yes,Entry
Sales Director Solution,Executive Director Line Manager Manager Sales Director solution mid- senior level sale management position oversee sale function multiple office geographic territory sample task job include limit direct group sale supervisor sale manager have profit loss responsibility district region align work overall company goal potential job title use solution Regional Sales Director District Sales Manager Sales Director multiple configuration solution available,59,yes,https://www.shl.com/solutions/products/product-catalog/view/sales-director-solution/,yes,"Executive, Director, Front Line Manager, Manager"
Sales Engineer Solution,Mid Professional Professional Individual Contributor Sales Engineer solution design use professional level telecommunication engineer distinct sale responsibility solution focus position involve design telecommunications network specific customer application place emphasis reasoning ability sale ability sample task include design network solution meet customer need communicate technical information level client participate sale process assist own sale process ensure proper implementation contract equipment service potential job title use solution Sales Engineer Senior Technical Consultant Technical Sales Lead multiple configuration solution available,61,yes,https://www.shl.com/solutions/products/product-catalog/view/sales-engineer-solution/,yes,"Mid-Professional, Professional Individual Contributor"
Sales Manager Solution,Manager Sales Manager solution assessment apply entry mid level sale leadership position generally manage employee significant portion job performance base sale sample task job include limit plan prepare sale plan promote product customer training subordinate build ongoing customer relationship make day day decision minimal guidance potential job title use solution Sales Manager Manager Direct sale,63,yes,https://www.shl.com/solutions/products/product-catalog/view/sales-manager-solution/,yes,Manager
Sales Professional 7.0 Solution,Mid Professional Professional Individual Contributor Sales Professional solution design entry mid level sale position employee proactively sell product customer develop relationship repeat customer pay and/or performance heavily base sale revenue sample task job include limit promote product customer persuade customer buy product build ongoing customer relationship,21,yes,https://www.shl.com/solutions/products/product-catalog/view/sales-professional-7-0-solution/,no,"Mid-Professional, Professional Individual Contributor"
Sales Professional 7.1 (Americas),Mid Professional Professional Individual Contributor Sales Professional solution design entry mid level sale position employee proactively sell product customer develop relationship repeat customer pay and/or performance heavily base sale revenue sample task job include limit promote product customer persuade customer buy product build ongoing customer relationship,21,yes,https://www.shl.com/solutions/products/product-catalog/view/sales-professional-7-1-%28americas%29/,no,"Mid-Professional, Professional Individual Contributor"
Sales Professional Solution,Middle Sales Professional solution entry mid level sale position employee proactively sell product customer develop relationship repeat customer pay and/or performance heavily base sale revenue sample task job include limit promote product customer persuade customer buy product build ongoing customer relationship potential job title use solution Sales Consultant Sales Representative Account Representative multiple configuration solution available,47,yes,https://www.shl.com/solutions/products/product-catalog/view/sales-professional-solution/,yes,Middle
Sales Representative Solution,entry Sales Representative solution entry level sale position employee proactively sell product customer pay and/or performance base sale revenue sample task job include limit promote product customer persuade customer buy product complete transaction customer potential job title use solution Sales Representative Sales Associate Sales Clerk multiple configuration solution available,29,yes,https://www.shl.com/solutions/products/product-catalog/view/sales-representative-solution/,yes,Entry
Sales Supervisor Solution,Line Manager Manager Supervisor Sales Supervisor solution assessment job candidate apply entry level sale leadership position generally supervise employee significant portion job performance base sale sample task job include limit planning prepare work schedule promote product customer training subordinate build ongoing customer relationship make day day decision minimal guidance potential job title use solution Assistant Sales Manager Sales Supervisor multiple configuration solution available,38,yes,https://www.shl.com/solutions/products/product-catalog/view/sales-supervisor-solution/,yes,"Front Line Manager, Manager, Supervisor"
Sales Support Specialist Solution,entry Sales Support Specialist solution entry mid level sale support position employee work primarily guidance account manager operation manager support client account sample task job include limit implement customer order assist coordinate activity utilize process meet customer requirement potential job title use solution Implementation Specialist Project Assistant Sales Support Assistant multiple configuration solution available,43,yes,https://www.shl.com/solutions/products/product-catalog/view/sales-support-specialist-solution/,yes,Entry
Senior Insurance Agent Solution,Mid Professional Professional Individual Contributor Senior Insurance Agent solution senior level professional position insurance industry sell portfolio insurance product include property casualty automotive health life sample task position include limit call policyholder deliver explain policy suggest addition change calculate premium customize insurance program suit individual customer ensure policy requirement fulfil confer client obtain provide information claim policy potential job title use solution Insurance Senior Sales Professional Senior Producer Insurance Sales Agent Insurance Agent multiple configuration solution available,44,yes,https://www.shl.com/solutions/products/product-catalog/view/senior-insurance-agent-solution/,no,"Mid-Professional, Professional Individual Contributor"
Senior Sales Professional Solution,Mid Professional Professional Individual Contributor Senior Sales Professional solution high level sale position employee proactively sell product customer develop relationship new exist customer pay and/or performance heavily base sale revenue sample task job include limit promote product customer consult persuade customer buy product build ongoing customer relationship potential job title use solution Senior Sales Representative Business Development Manager Senior Sales Consultant multiple configuration solution available,42,yes,https://www.shl.com/solutions/products/product-catalog/view/senior-sales-professional-solution/,yes,"Mid-Professional, Professional Individual Contributor"
Server Solution,entry Server solution design entry level position hospitality industry sample task include greeting customer take customer food drink order deliver food item guest solution focus work ethic customer focus sale potential job title use solution Server Waiter Waitress multiple configuration solution available,40,yes,http://shl.com/solutions/products/product-catalog/view/server-solution/,yes,Entry
Service Associate Solution,entry Service Associate design entry level position primarily task focus include customer service component solution cover wide variety support position hospitality industry sample task include clean hotel room serve food buffet line parking car and/or deliver food hotel room potential job title use solution Housekeeper Buffet Server Room Service Attendant Valet multiple configuration solution available,38,yes,https://www.shl.com/solutions/products/product-catalog/view/service-associate-solution/,yes,Entry
Service Supervisor Solution,Line Manager Manager Supervisor Service Supervisor solution design entry level leadership position hospitality industry oversee hourly salaried employee customer face position e.g. Desk Associate Concierge Guest Service Associate individual role perform hte duty employee supervise sample task include assist challenging guest coach employee customer service skill take corrective action employee perform poorly monitor employee assess satisfactory completion task potential job title use solution Desk Manager Guest Services Supervisor Desk Supervisor multiple configuration solution available,48,yes,https://www.shl.com/solutions/products/product-catalog/view/service-supervisor-solution/,yes,"Front Line Manager, Manager, Supervisor"
Stock Clerk Solution,entry Stock Clerk solution entry level retail position employee work primarily stockroom handle incoming outgoing shipment keep sale floor fully stock sample task job include limit unload product shipment maintain stockroom organization replenish supply product sale floor process outgoing shipment potential job title use solution Stock Clerk Inventory Associate Warehouse Associate multiple configuration solution available,25,yes,https://www.shl.com/solutions/products/product-catalog/view/stock-clerk-solution/,no,Entry
Store Manager 7.0 Solution,Manager Store Manager solution design candidate apply entry level leadership position tend supervise hourly employee retail restaurant setting sample task job include limit planning prepare work schedule assign employee specific duty coach employee attendance conduct schedule adherence work task develop employee skill train subordinate prioritize multiple task priority make day day decision minimal guidance,34,yes,https://www.shl.com/solutions/products/product-catalog/view/store-manager-7-0-solution/,no,Manager
Store Manager 7.1 (Americas),Manager Store Manager solution design candidate apply entry level leadership position tend supervise hourly employee retail restaurant setting sample task job include limit planning prepare work schedule assign employee specific duty coach employee attendance conduct schedule adherence work task develop employee skill train subordinate prioritize multiple task priority make day day decision minimal guidance,34,yes,https://www.shl.com/solutions/products/product-catalog/view/store-manager-7-1-%28americas%29/,no,Manager
